<?xml version="1.0" encoding="UTF-8"?>
<project-private xmlns="http://www.netbeans.org/ns/project-private/1">
    <editor-bookmarks xmlns="http://www.netbeans.org/ns/editor-bookmarks/2" lastBookmarkId="0"/>
    <open-files xmlns="http://www.netbeans.org/ns/projectui-open-files/2">
        <group>
            <file>file:/C:/Users/RPR-C80A404ES/Documents/NetBeansProjects/joan_piratova%20(2)/joan_piratova/joan_piratova/src/joan_piratova/inicio.java</file>
            <file>file:/C:/Users/RPR-C80A404ES/Documents/NetBeansProjects/joan_piratova%20(2)/joan_piratova/joan_piratova/src/frontend/formulario.java</file>
            <file>file:/C:/Users/RPR-C80A404ES/Documents/NetBeansProjects/joan_piratova%20(2)/joan_piratova/joan_piratova/src/joan_piratova/carrito.java</file>
            <file>file:/C:/Users/RPR-C80A404ES/Documents/NetBeansProjects/joan_piratova%20(2)/joan_piratova/joan_piratova/src/joan_piratova/productos/hppbp.java</file>
        </group>
    </open-files>
</project-private>
